word,frequency
время,2015.7
жизнь,1389.8
слово,967.9
место,926.6
конец,634.7
часть,585.4
город,573.4
земля,494.4
право,461.4
дверь,450.8
образ,445.9
закон,433.4
война,425.9
голос,424.5
книга,413.9
число,393.5
народ,385.6
форма,347.8
связь,346.1
улица,337.8
вечер,335.4
мысль,331.6
месяц,328.0
школа,316.0
театр,305.3
рубль,296.4
смысл,294.6
орган,288.4
рынок,283.3
семья,276.6
центр,265.9
ответ,263.3
автор,262.1
стена,261.0
совет,245.5
глава,240.2
наука,239.0
плечо,236.4
точка,232.2
палец,219.1
номер,201.2
метод,197.0
фильм,196.8
гость,192.7
кровь,187.8
район,187.8
армия,186.4
класс,185.8
герой,184.0
спина,183.1
сцена,177.2
объем,165.8
берег,164.7
фирма,164.4
завод,164.0
песня,160.1
роман,157.7
стихи,157.0
повод,151.2
успех,149.5
выход,147.0
текст,146.2
пункт,144.0
линия,143.7
среда,142.4
волос,141.8
ветер,140.3
огонь,139.8
грудь,138.8
страх,138.4
сумма,130.6
сфера,129.5
мужик,124.7
немец,124.1
выбор,122.0
масса,121.7
слава,120.2
кухня,120.1
отдел,116.2
товар,115.5
актер,114.4
слеза,114.2
вывод,111.8
норма,111.3
рамка,110.6
прием,109.8
режим,106.7
целое,106.6
вирус,106.5
поиск,105.0
налог,104.7
доход,103.6
карта,103.0
акция,98.5
фраза,97.8
сосед,97.8
толпа,96.7
схема,95.9
волна,95.4
птица,94.5
запах,94.1
водка,93.9
поезд,93.3
адрес,92.7
лидер,92.2
стиль,91.4
весна,91.3
эпоха,89.0
запад,88.9
тайна,88.9
трава,88.7
фронт,87.7
музей,87.0
князь,86.0
сутки,85.4
судья,85.2
крыша,85.0
поток,84.8
честь,84.4
еврей,84.1
сотня,84.0
дождь,83.2
труба,82.1
осень,81.8
пьеса,81.1
черта,80.0
кусок,76.8
билет,75.4
масло,73.0
экран,71.9
канал,71.5
вагон,70.9
дурак,69.8
сезон,69.2
запас,67.8
длина,67.7
округ,67.6
крыло,67.6
доска,67.1
полет,66.5
пакет,65.8
живот,65.6
смена,65.1
порог,64.2
буква,63.5
лодка,62.9
серия,62.8
шутка,62.7
кулак,62.5
нефть,62.3
цифра,62.2
сапог,62.0
жилье,61.1
мешок,61.1
отказ,60.9
замок,60.8
диван,60.1
покой,59.0
добро,59.0
спорт,58.5
кость,58.5
майор,58.0
ручка,57.6
отдых,57.6
мечта,57.0
сюжет,56.6
рубеж,56.5
крест,56.4
взрыв,56.3
почва,56.2
заказ,56.0
штука,55.9
сумка,55.5
хвост,55.4
песок,55.3
озеро,54.9
строй,54.8
танец,54.1
дочка,54.1
набор,53.5
горло,53.2
плата,53.0
съезд,51.7
кошка,50.4
пятно,50.1
ткань,49.9
визит,49.8
океан,49.8
пауза,49.6
ствол,49.5
тепло,49.4
радио,49.3
нация,49.1
зверь,49.1
банка,49.0
метро,48.9
отчет,48.6
тоска,48.5
обмен,48.5
забор,48.3
мороз,48.2
марка,48.0
спрос,47.5
грязь,47.5
мотор,47.3
север,47.0
склад,46.7
мотив,46.6
арест,46.5
отряд,46.2
нужда,45.8
собор,45.8
салон,44.9
капля,44.7
пожар,43.8
холод,43.7
тетка,43.6
обида,43.4
вклад,43.0
шофер,42.9
туман,42.9
гонка,42.9
рукав,42.9
атака,42.7
игрок,42.5
тонна,42.4
вождь,42.2
орден,42.2
юноша,42.1
бабка,42.0
вызов,42.0
полка,41.9
бровь,41.6
удача,41.3
бытие,40.9
шапка,40.6
ложка,40.5
белок,40.3
голод,40.1
охота,40.1
домик,39.8
ветка,39.7
башня,39.4
тариф,39.4
гений,39.2
агент,39.2
сахар,38.1
благо,38.0
смесь,37.8
разум,37.6
плита,37.3
брюки,37.2
мышца,36.9
посол,36.6
пачка,36.5
шоссе,36.4
икона,36.2
халат,36.1
идеал,36.0
лента,35.9
бомба,35.8
штамм,35.8
ущерб,35.5
архив,35.3
сырье,35.0
штаны,35.0
поход,34.7
морда,34.5
проза,34.4
опера,34.3
маска,34.3
шляпа,34.2
ведро,34.1
белье,34.1
лампа,34.0
малыш,33.9
облик,33.8
копия,33.7
устав,33.5
уголь,33.5
судно,33.3
чашка,33.3
элита,33.1
ветвь,33.0
почта,33.0
палка,32.9
столб,32.7
актив,32.7
ангел,32.4
штраф,32.3
отель,32.0
ножка,31.9
мышка,31.9
стать,31.8
свеча,31.6
блюдо,31.3
грань,31.3
скала,30.7
такси,30.6
зерно,30.3
сосна,30.1
форум,30.1
блеск,29.7
папка,29.7
степь,29.6
пламя,29.5
ковер,29.5
треть,29.4
певец,28.4
ружье,28.3
речка,28.2
финал,28.1
недра,27.9
девка,27.8
знамя,27.8
рюмка,27.7
исход,27.6
общее,27.6
звено,27.4
грипп,27.3
печка,27.0
шепот,27.0
плоть,26.9
пилот,26.9
череп,26.8
самец,26.8
бочка,26.6
гараж,26.6
сосуд,26.4
поэма,26.3
склон,26.3
лавка,26.2
бокал,26.1
кисть,26.1
идиот,26.0
койка,26.0
якорь,25.9
дрова,25.8
ворот,25.7
опора,25.7
учеба,25.7
физик,25.5
топор,25.5
барон,25.4
барак,25.3
кукла,25.3
носок,25.2
жених,25.2
обувь,25.0
намек,24.9
принц,24.8
котел,24.8
пушка,24.6
бедро,24.3
порыв,24.1
сетка,24.1
сарай,23.9
опрос,23.8
шкура,23.7
старт,23.7
драка,23.6
проба,23.5
мусор,23.4
казак,23.4
моряк,23.2
химия,23.2
туфля,23.2
самка,23.2
племя,23.1
мадам,23.1
кубок,23.0
ягода,22.9
битва,22.8
монах,22.8
грамм,22.7
побег,22.7
дырка,22.7
базар,22.6
драма,22.6
отбор,22.4
спирт,22.2
кузов,22.1
ванна,22.0
канон,21.9
рыбак,21.9
ребро,21.7
фрукт,21.6
вдова,21.5
балет,21.4
казнь,21.4
весть,21.4
ручей,21.3
навык,21.3
пение,21.3
взвод,21.1
касса,20.9
щенок,20.9
вздох,20.8
юрист,20.8
шахта,20.7
тираж,20.5
букет,20.5
шпион,20.5
тезис,20.4
жилец,20.4
залог,20.3
струя,20.3
очерк,20.1
сдача,20.0
буфет,20.0
жажда,20.0
овощи,19.9
рояль,19.7
нитка,19.7
пацан,19.6
суета,19.6
наряд,19.5
козел,19.5
тайга,19.5
петля,19.4
пласт,19.2
обман,19.1
шарик,19.0
рычаг,18.9
злоба,18.8
песнь,18.7
стадо,18.6
глина,18.4
выезд,18.3
закат,18.3
висок,18.0
обзор,18.0
завет,17.9
погон,17.9
искра,17.9
взнос,17.8
слуга,17.8
крыса,17.7
культ,17.7
сынок,17.7
спуск,17.6
чайка,17.6
довод,17.6
грунт,17.5
обыск,17.5
отзыв,17.2
купол,17.2
заряд,17.2
позор,17.1
катер,17.0
вопль,17.0
цыган,16.9
алмаз,16.7
минус,16.7
поляк,16.7
обряд,16.7
тупик,16.7
тропа,16.6
рельс,16.5
ферма,16.4
дилер,16.4
пирог,16.3
горка,16.3
табак,16.3
сталь,16.3
почка,16.2
тварь,16.2
испуг,16.1
залив,16.1
петух,16.0
аллея,16.0
вилка,16.0
фокус,16.0
показ,15.9
овраг,15.8
гроза,15.7
русло,15.7
полюс,15.7
олень,15.6
будка,15.6
рыбка,15.5
трусы,15.5
рубка,15.5
салат,15.4
банда,15.3
обрыв,15.3
хохот,15.3
борец,15.3
парус,15.2
комар,15.2
майка,15.2
стенд,15.2
пират,15.2
перец,15.2
ислам,15.1
упрек,15.0
хутор,14.9
биржа,14.8
налет,14.8
исток,14.8
фасад,14.7
пытка,14.6
турок,14.6
истец,14.6
этика,14.3
обком,14.2
виски,14.2
новое,14.1
влага,14.1
сеанс,14.1
палач,14.0
мэрия,14.0
треск,13.9
клоун,13.9
ссора,13.8
башка,13.8
сплав,13.8
медик,13.7
насос,13.6
шкала,13.6
скука,13.6
имидж,13.5
арена,13.5
ласка,13.5
титул,13.5
киоск,13.4
парта,13.3
повар,13.3
пучок,13.2
затея,13.2
парад,13.2
газон,13.1
пятка,13.1
синяк,13.0
крона,13.0
рывок,12.9
взлет,12.8
седло,12.8
порок,12.8
пепел,12.8
штурм,12.8
проем,12.7
сдвиг,12.5
кишка,12.5
дрожь,12.5
каюта,12.5
купец,12.5
штора,12.4
фюрер,12.3
бремя,12.3
пафос,12.2
нищий,12.2
миска,12.1
кепка,12.1
багаж,12.0
манеж,12.0
конек,12.0
месть,12.0
чулок,12.0
дрянь,11.9
кумир,11.9
свист,11.9
садик,11.9
гудок,11.8
пасть,11.8
квота,11.8
азарт,11.8
геном,11.8
лимон,11.7
стопа,11.7
белка,11.6
слюна,11.6
обход,11.6
ролик,11.6
оклад,11.4
бетон,11.3
пульт,11.2
камин,11.2
мерка,11.1
гамма,11.1
афиша,11.0
родня,11.0
вахта,11.0
груда,11.0
штамп,10.9
шорох,10.9
особа,10.9
донос,10.9
брюхо,10.7
бланк,10.7
скрип,10.6
тесто,10.6
талия,10.6
магия,10.6
демон,10.6
груша,10.6
вышка,10.5
сквер,10.5
ларек,10.5
лапка,10.4
вилла,10.4
кучка,10.3
пчела,10.3
скула,10.3
абзац,10.2
пасха,10.2
франк,10.2
бугор,10.1
напор,10.1
копье,10.0
казна,10.0
зачет,9.9
щетка,9.9
кубик,9.9
балка,9.9
весло,9.9
червь,9.9
досуг,9.8
вихрь,9.7
чутье,9.7
шашка,9.6
венец,9.6
косяк,9.6
нюанс,9.6
чудак,9.5
вылет,9.4
въезд,9.4
пульс,9.4
глубь,9.4
корма,9.4
шишка,9.4
приют,9.3
свита,9.3
отсек,9.3
акула,9.3
лилия,9.2
факел,9.2
шланг,9.2
кража,9.2
корка,9.1
арбуз,9.1
венок,9.1
диета,9.1
канат,9.0
дуэль,9.0
рубин,9.0
баран,8.9
холст,8.9
рация,8.8
мафия,8.8
колея,8.8
комок,8.7
робот,8.7
износ,8.7
будни,8.7
грант,8.6
рифма,8.5
фланг,8.5
изгиб,8.5
эскиз,8.5
аллах,8.5
глыба,8.5
нутро,8.4
финиш,8.4
манер,8.4
химик,8.4
тачка,8.4
бухта,8.4
аборт,8.3
сокол,8.2
чукча,8.2
черед,8.2
вальс,8.2
салют,8.1
возня,8.1
каска,8.1
броня,8.1
говно,8.0
почет,8.0
толща,8.0
макет,8.0
девиз,8.0
подол,8.0
опека,8.0
баржа,8.0
дебют,8.0
церка,7.9
рента,7.9
вывоз,7.9
отрыв,7.8
каток,7.8
шприц,7.8
уклон,7.8
жулик,7.7
тесть,7.7
веник,7.7
кофта,7.7
особь,7.7
отбой,7.7
недуг,7.7
мячик,7.6
сироп,7.6
трест,7.6
ощупь,7.6
навоз,7.6
богач,7.6
капот,7.5
видео,7.5
сыщик,7.5
будда,7.5
дымок,7.5
вишня,7.5
смола,7.5
донор,7.5
заход,7.4
отвод,7.4
выкуп,7.4
сопка,7.4
барин,7.4
зенит,7.3
матка,7.3
лунка,7.3
посев,7.3
банан,7.3
устье,7.3
житие,7.3
навес,7.2
малое,7.2
пресс,7.2
канун,7.2
парик,7.2
ссуда,7.1
шторм,7.1
ордер,7.1
откос,7.1
аванс,7.1
сабля,7.1
уклад,7.1
жилка,7.1
пешка,7.0
тракт,6.9
узник,6.9
шасси,6.9
отход,6.9
полис,6.8
крупа,6.8
дробь,6.8
этнос,6.8
мираж,6.8
улика,6.8
забой,6.7
талон,6.7
метла,6.7
губка,6.7
руины,6.7
сауна,6.6
секта,6.6
лоток,6.6
сенат,6.6
тахта,6.5
порох,6.5
шакал,6.5
прядь,6.5
мачта,6.5
завал,6.4
раунд,6.4
горох,6.4
шрифт,6.4
лимит,6.4
сукно,6.3
филин,6.3
заезд,6.3
страж,6.3
дымка,6.3
паста,6.3
синод,6.2
топик,6.2
молот,6.2
озноб,6.2
гетто,6.2
топот,6.2
бренд,6.1
греза,6.1
графа,6.1
загар,6.1
чехол,6.1
кабак,6.1
хруст,6.1
фотка,6.1
гладь,6.1
иудей,6.0
леший,6.0
байка,6.0
валун,6.0
линза,6.0
выпад,6.0
ничья,6.0
взмах,6.0
уксус,6.0
нажим,6.0
брэнд,5.9
мойка,5.9
бычок,5.9
коран,5.9
порча,5.9
белый,5.9
кивок,5.9
кефир,5.9
брань,5.9
штрих,5.9
носик,5.9
вожак,5.9
хорек,5.9
наезд,5.9
трата,5.8
бутик,5.8
лавра,5.8
атлас,5.8
виток,5.8
сосок,5.8
мятеж,5.8
булат,5.7
нотка,5.7
созыв,5.7
устой,5.7
мякиш,5.6
дозор,5.6
ворох,5.6
шпага,5.6
фишка,5.6
вычет,5.6
рыжик,5.6
шейка,5.6
разок,5.5
слива,5.5
лопух,5.5
яичко,5.5
щепка,5.5
кудри,5.5
отчим,5.5
шорты,5.5
мытье,5.4
помин,5.4
ловля,5.4
полог,5.4
смута,5.4
пудра,5.4
галка,5.3
лакей,5.3
дубль,5.3
шатер,5.3
ворон,5.3
шалаш,5.3
ширма,5.3
запой,5.3
немка,5.3
грива,5.3
кабан,5.3
наган,5.3
врата,5.3
чугун,5.3
батон,5.3
пурга,5.3
шаман,5.3
денек,5.3
акциз,5.3
кочка,5.3
шпана,5.3
камыш,5.3
флора,5.3
альфа,5.2
милая,5.2
осина,5.2
вздор,5.2
топка,5.2
шайка,5.2
метан,5.2
смета,5.2
тенор,5.2
отпор,5.2
резон,5.2
комод,5.2
счеты,5.2
гряда,5.2
гайка,5.2
гусар,5.1
курок,5.1
досье,5.1
рожок,5.1
масть,5.0
питье,5.0
древо,5.0
тыква,5.0
лицей,5.0
охват,5.0
чрево,5.0
жилет,5.0
фанат,5.0
выдох,5.0
ореол,4.9
титан,4.9
вотум,4.9
фауна,4.9
мушка,4.9
санки,4.9
амбар,4.9
часик,4.9
детка,4.9
берет,4.8
хобби,4.8
шайба,4.8
лапша,4.8
алкаш,4.8
варяг,4.8
сапер,4.8
конус,4.8
лазер,4.8
танго,4.8
булка,4.8
сушка,4.7
тиран,4.7
келья,4.7
догма,4.6
запор,4.6
окрик,4.6
укроп,4.6
обвал,4.6
смотр,4.6
флюид,4.6
бутон,4.6
шлюха,4.6
сотка,4.6
фужер,4.5
днище,4.5
томик,4.5
гольф,4.5
главк,4.5
ересь,4.5
тумба,4.5
умник,4.5
отрок,4.4
паром,4.4
казах,4.4
эмаль,4.4
чужак,4.4
изъян,4.4
хмель,4.4
шпиль,4.4
мания,4.4
иврит,4.4
фигня,4.4
лютик,4.4
пинок,4.4
уступ,4.3
ножик,4.3
вырез,4.3
мамка,4.3
норка,4.3
глушь,4.3
горец,4.3
эгида,4.3
калий,4.3
оксид,4.3
краса,4.3
ладья,4.3
житье,4.3
рулон,4.3
тонус,4.3
блоха,4.3
сучок,4.3
накал,4.2
обрез,4.2
ярлык,4.2
шубка,4.2
торец,4.2
вожжа,4.2
кучер,4.2
узбек,4.2
пайка,4.2
потоп,4.2
кроха,4.1
отлет,4.1
газик,4.1
чешуя,4.1
пупок,4.1
пашня,4.1
отвар,4.1
клерк,4.1
ослик,4.1
буран,4.1
пенек,4.1
волхв,4.1
зазор,4.0
плеть,4.0
молва,4.0
зажим,4.0
мазут,4.0
тулуп,4.0
обруч,4.0
отлив,4.0
леска,4.0
вынос,4.0
ляжка,4.0
засов,4.0
масон,4.0
декан,4.0
посох,4.0
томат,4.0
тезка,4.0
рознь,4.0
склеп,4.0
шпала,4.0
мумия,4.0
пятак,3.9
тюбик,3.9
спазм,3.9
телец,3.9
хвала,3.9
рвота,3.9
вогул,3.9
шитье,3.9
сброс,3.9
падла,3.9
сифон,3.9
табор,3.9
буфер,3.9
колос,3.9
декор,3.9
полив,3.9
зайка,3.8
астра,3.8
скоба,3.8
варка,3.8
зелье,3.8
лямка,3.8
бачок,3.8
отток,3.8
аудит,3.7
метка,3.7
ножны,3.7
жучок,3.7
ртуть,3.7
чувак,3.7
базис,3.7
егерь,3.7
завуч,3.7
набег,3.7
ареал,3.7
опись,3.7
делец,3.7
дамба,3.7
зубец,3.7
такса,3.6
спица,3.6
лотос,3.6
жердь,3.6
дебри,3.6
транс,3.6
аршин,3.6
осада,3.6
перст,3.6
говор,3.6
столп,3.6
десна,3.6
убыль,3.6
отвал,3.6
басня,3.6
гонец,3.5
щечка,3.5
фляга,3.5
ангар,3.5
лиана,3.5
траур,3.5
индус,3.5
рубец,3.5
окунь,3.5
шмель,3.5
вираж,3.5
фасон,3.5
шлейф,3.5
челка,3.5
афера,3.5
кореш,3.5
казус,3.5
юнкер,3.5
седан,3.5
валик,3.4
хобот,3.4
загон,3.4
шквал,3.4
бидон,3.4
шельф,3.4
бойня,3.4
кулик,3.4
чулан,3.4
турне,3.4
плеск,3.4
тембр,3.4
жетон,3.4
смерч,3.3
котик,3.3
щиток,3.3
ликер,3.3
пицца,3.3
каста,3.3
пижон,3.3
бирюк,3.3
стужа,3.3
оазис,3.3
побои,3.3
хиппи,3.2
кадка,3.2
рафик,3.2
посад,3.2
короб,3.2
циник,3.2
латыш,3.2
песец,3.2
бисер,3.2
годик,3.2
прима,3.2
вояка,3.2
жесть,3.2
панно,3.2
оплот,3.2
изыск,3.1
колба,3.1
хохол,3.1
совок,3.1
замер,3.1
наказ,3.1
ломка,3.1
понос,3.1
аркан,3.1
тапка,3.1
локон,3.1
дятел,3.1
талиб,3.1
тушка,3.1
левша,3.1
родич,3.1
тазик,3.1
джинн,3.1
мудак,3.1
кредо,3.1
лесть,3.1
покои,3.1
дебил,3.1
пойма,3.0
ранка,3.0
пивко,3.0
плато,3.0
гниль,3.0
плаха,3.0
копна,3.0
резец,3.0
бочок,3.0
ладан,3.0
литье,3.0
шажок,3.0
терем,3.0
изгой,3.0
гарем,3.0
судак,3.0
табло,3.0
тоник,3.0
сопли,3.0
фугас,2.9
чурка,2.9
кадет,2.9
угода,2.9
пушок,2.9
тягач,2.9
уазик,2.9
остов,2.9
падеж,2.9
бубен,2.9
откат,2.9
кулек,2.9
жабра,2.9
кураж,2.9
гамак,2.9
сучка,2.9
вьюга,2.8
сонет,2.8
кварц,2.8
хлыст,2.8
телка,2.8
пахан,2.8
табун,2.8
задор,2.8
нарта,2.8
мазок,2.8
бронь,2.8
лесок,2.8
марля,2.8
адепт,2.8
астма,2.8
помет,2.8
брешь,2.7
кузен,2.7
пикет,2.7
лихва,2.7
попка,2.7
рокот,2.7
румын,2.7
трель,2.7
давка,2.7
самбо,2.7
рупор,2.7
почин,2.7
круиз,2.7
сачок,2.7
маляр,2.7
кушак,2.7
кобра,2.7
кювет,2.7
абвер,2.7
гнида,2.7
кадык,2.7
хакер,2.7
нахал,2.7
радар,2.7
дрозд,2.7
дзюдо,2.6
олово,2.6
опала,2.6
ясень,2.6
слизь,2.6
чудик,2.6
снедь,2.6
холуй,2.6
фикус,2.6
алиби,2.6
кольт,2.6
дупло,2.6
думец,2.6
чернь,2.6
жираф,2.6
кисет,2.6
бобер,2.6
сопля,2.6
тяжба,2.5
стезя,2.5
пятая,2.5
эстет,2.5
финка,2.5
тиски,2.5
пихта,2.5
яство,2.5
желоб,2.5
клише,2.5
мерин,2.5
запал,2.5
атлет,2.5
знать,2.5
дудка,2.5
дрема,2.5
дележ,2.5
верфь,2.5
ингуш,2.5
балда,2.5
венгр,2.5
агнец,2.5
лепта,2.5
кокон,2.5
галоп,2.5
конюх,2.5
купон,2.5
френч,2.4
жакет,2.4
ферзь,2.4
мразь,2.4
домен,2.4
фраер,2.4
удаль,2.4
утеха,2.4
труха,2.4
чужое,2.4
ступа,2.4
бегун,2.4
медиа,2.4
ходок,2.4
скарб,2.4
часок,2.4
ловец,2.4
ротор,2.4
бурка,2.4
козни,2.4
кожух,2.4
свояк,2.4
кирка,2.4
опция,2.4
орава,2.4
зубок,2.4
оргия,2.4
шумок,2.4
вокал,2.4
вольт,2.4
валет,2.3
холоп,2.3
накат,2.3
окрас,2.3
мошка,2.3
гомон,2.3
пекло,2.3
пенис,2.3
ботва,2.3
месье,2.3
занос,2.3
слюни,2.3
комик,2.3
ропот,2.3
лайка,2.3
напев,2.3
лепка,2.3
авеню,2.3
азиат,2.3
рядно,2.2
евнух,2.2
кросс,2.2
квант,2.2
щелка,2.2
пенка,2.2
лыжня,2.2
типаж,2.2
осока,2.2
рампа,2.2
гелий,2.2
хомут,2.2
шпора,2.2
помои,2.2
имаго,2.2
пяток,2.2
излом,2.2
ампер,2.2
задел,2.2
обгон,2.2
аорта,2.2
муфта,2.2
шериф,2.1
ампир,2.1
лучик,2.1
свора,2.1
амбал,2.1
шуруп,2.1
сидор,2.1
лепет,2.1
малец,2.1
нимфа,2.1
калач,2.1
плешь,2.1
дужка,2.1
желчь,2.1
обуза,2.1
оскал,2.1
оковы,2.1
тренд,2.1
откуп,2.1
липид,2.1
вобла,2.1
логос,2.1
бобби,2.1
быдло,2.1
лирик,2.1
пряжа,2.1
прыть,2.1
чалма,2.1
профи,2.1
порез,2.0
побор,2.0
канва,2.0
карма,2.0
ранчо,2.0
мирок,2.0
эллин,2.0
навар,2.0
какао,2.0
малек,2.0
аська,2.0
смрад,2.0
цапля,2.0
жрица,2.0
брага,2.0
ягуар,2.0
скотч,2.0
ситец,2.0
омлет,2.0
фенол,2.0
блажь,2.0
помпа,2.0
вуаль,2.0
рэкет,2.0
отжиг,2.0
штиль,2.0
кочан,2.0
флирт,2.0
волок,2.0
стриж,2.0
круча,2.0
качка,2.0
ранец,1.9
затор,1.9
зебра,1.9
штырь,1.9
космы,1.9
карат,1.9
пойло,1.9
покос,1.9
псина,1.9
ольха,1.9
марал,1.9
лобби,1.9
омега,1.9
кулон,1.9
полоз,1.9
радон,1.9
семга,1.9
четки,1.9
болид,1.9
таран,1.9
бонус,1.9
трико,1.9
тюфяк,1.9
отвес,1.9
угорь,1.9
бирка,1.9
валек,1.9
унтер,1.9
торос,1.9
мочка,1.9
отшиб,1.9
вылов,1.9
грыжа,1.9
дрейф,1.9
бляха,1.9
невод,1.9
хмырь,1.9
хворь,1.9
месса,1.9
тучка,1.9
муляж,1.9
шабаш,1.8
рожон,1.8
фотон,1.8
битье,1.8
фазан,1.8
щипцы,1.8
ухват,1.8
посыл,1.8
рейка,1.8
резня,1.8
тычок,1.8
ралли,1.8
блуза,1.8
опиум,1.8
трюмо,1.8
створ,1.8
читка,1.8
живой,1.8
пепси,1.8
щегол,1.8
осетр,1.8
заика,1.8
босяк,1.8
пшено,1.8
бадья,1.8
верба,1.7
кукиш,1.7
выдел,1.7
соска,1.7
бугай,1.7
жисть,1.7
вихор,1.7
мурка,1.7
литер,1.7
сырок,1.7
багор,1.7
терка,1.7
покер,1.7
сленг,1.7
ларец,1.7
силок,1.7
отара,1.7
дачка,1.7
цинга,1.7
надел,1.7
гвалт,1.7
хохма,1.7
транш,1.7
птаха,1.7
отгул,1.7
осыпь,1.7
рысак,1.7
слайд,1.7
писец,1.7
чипсы,1.6
бордо,1.6
лейбл,1.6
боров,1.6
аскет,1.6
винцо,1.6
косой,1.6
умолк,1.6
замах,1.6
сброд,1.6
сбруя,1.6
седок,1.6
шипик,1.6
катар,1.6
дебит,1.6
торба,1.6
жерло,1.6
шурин,1.6
забег,1.6
затон,1.6
кляча,1.6
аббат,1.6
моток,1.6
потек,1.6
ненец,1.6
нарыв,1.6
позыв,1.6
пикап,1.6
лишек,1.6
лобок,1.6
пенал,1.6
шхуна,1.5
вязка,1.5
палас,1.5
индюк,1.5
бурда,1.5
отрог,1.5
бакен,1.5
спесь,1.5
кайма,1.5
редис,1.5
модем,1.5
ротик,1.5
былое,1.5
малый,1.5
резка,1.5
модус,1.5
свара,1.5
силач,1.5
кашка,1.5
виола,1.5
посул,1.5
киска,1.5
денди,1.5
дамка,1.5
пиала,1.5
жатва,1.5
холка,1.5
загул,1.5
танка,1.5
вафля,1.5
драйв,1.5
душок,1.5
мулла,1.5
замша,1.5
нерпа,1.5
фреон,1.4
завоз,1.4
струп,1.4
гриль,1.4
кулич,1.4
милка,1.4
туфта,1.4
бизон,1.4
ледок,1.4
мулат,1.4
лизат,1.4
сюита,1.4
годок,1.4
морок,1.4
телок,1.4
излет,1.4
падло,1.4
лимфа,1.4
факир,1.4
саван,1.4
пошив,1.4
бронх,1.4
дрель,1.4
песик,1.4
пыжик,1.4
интим,1.4
манто,1.4
порка,1.4
минор,1.4
ямщик,1.4
пьянь,1.4
рыжий,1.3
шулер,1.3
ряска,1.3
одурь,1.3
сваха,1.3
анонс,1.3
упырь,1.3
огрех,1.3
русак,1.3
гашиш,1.3
лужок,1.3
парча,1.3
кварк,1.3
облом,1.3
чакра,1.3
мидия,1.3
строп,1.3
зарок,1.3
донна,1.3
донец,1.3
ночка,1.3
длань,1.3
зомби,1.3
шифер,1.3
отрез,1.3
сопло,1.3
чечен,1.3
плеер,1.3
барыш,1.3
митек,1.3
сноха,1.3
трояк,1.3
брошь,1.3
нытье,1.3
гонор,1.3
чарка,1.3
попса,1.3
дядик,1.3
набат,1.3
юниор,1.3
хунта,1.3
взлом,1.3
херес,1.3
аврал,1.3
халва,1.3
редут,1.3
кулеш,1.3
лейка,1.3
ханжа,1.3
фурор,1.3
репка,1.3
абрек,1.3
порно,1.3
треба,1.2
обжиг,1.2
нагар,1.2
отлов,1.2
чтиво,1.2
рокер,1.2
гидра,1.2
триба,1.2
фобия,1.2
глист,1.2
лабаз,1.2
рахит,1.2
сотая,1.2
иерей,1.2
гиена,1.2
зевок,1.2
розга,1.2
клеть,1.2
плева,1.2
извив,1.2
навет,1.2
хатка,1.2
гумно,1.2
битум,1.2
вывих,1.2
сущее,1.2
шаттл,1.2
катод,1.2
шатун,1.2
сурок,1.2
бобик,1.2
фавор,1.2
собес,1.2
решка,1.2
ватка,1.2
пифия,1.2
пышка,1.2
офшор,1.2
гейша,1.2
налим,1.1
пенье,1.1
капут,1.1
фреза,1.1
манго,1.1
смерш,1.1
тщета,1.1
ребус,1.1
эркер,1.1
франт,1.1
шнапс,1.1
пакля,1.1
литий,1.1
ходжа,1.1
абрис,1.1
милок,1.1
жулье,1.1
загиб,1.1
шахид,1.1
телек,1.1
бекон,1.1
телик,1.1
лежак,1.1
пуфик,1.1
херня,1.1
мелок,1.1
отпад,1.1
рабби,1.1
чифир,1.1
сошка,1.1
софит,1.1
ивняк,1.1
извоз,1.1
хомяк,1.1
содом,1.1
хорей,1.1
просо,1.1
лубок,1.1
гогот,1.1
лобик,1.1
ровик,1.1
сглаз,1.1
клюка,1.1
вазон,1.1
панда,1.1
анаша,1.1
помол,1.1
цедра,1.1
окись,1.1
ариец,1.1
выдра,1.1
клест,1.1
ретро,1.1
асана,1.1
шатен,1.0
есаул,1.0
стела,1.0
минея,1.0
хурма,1.0
прево,1.0
домна,1.0
вятич,1.0
ландо,1.0
спрей,1.0
амвон,1.0
бурят,1.0
нолик,1.0
жинка,1.0
оброк,1.0
клуня,1.0
флокс,1.0
игрек,1.0
клика,1.0
патио,1.0
чабан,1.0
клещи,1.0
лабух,1.0
утеря,1.0
минет,1.0
логик,1.0
втора,1.0
душка,1.0
жирок,1.0
фетиш,1.0
хитон,1.0
твист,1.0
оклик,1.0
лемма,1.0
кокос,1.0
жупел,1.0
жучка,1.0
ходка,1.0
рядок,1.0
ленок,1.0
норов,1.0
судия,1.0
надой,1.0
икота,1.0
выпас,1.0
божок,1.0
колье,1.0
отжим,1.0
питон,1.0
рытье,1.0
выгон,1.0
курва,1.0
ровня,1.0
гуашь,1.0
бабай,1.0
мосол,1.0
кумач,1.0
мазня,1.0
обвод,1.0
удила,1.0
карга,1.0
сенцы,1.0
манна,1.0
карел,1.0
мажор,1.0
синус,1.0
свами,1.0
вирши,1.0
тромб,1.0
силос,1.0
бридж,1.0
рачок,1.0
кельт,0.9
фуфло,0.9
стрит,0.9
дубок,0.9
бодун,0.9
стояк,0.9
лиман,0.9
пилка,0.9
скраб,0.9
дебош,0.9
турка,0.9
колок,0.9
рикша,0.9
шавка,0.9
качок,0.9
дылда,0.9
ленца,0.9
шалун,0.9
летун,0.9
колун,0.9
облет,0.9
лишай,0.9
акрил,0.9
лихач,0.9
ломик,0.9
финик,0.9
чушка,0.9
минер,0.9
сикль,0.9
нырок,0.9
искус,0.9
аргон,0.9
слюда,0.9
кагор,0.9
спора,0.9
общак,0.9
халиф,0.9
унция,0.9
шивер,0.9
дебет,0.9
нарды,0.9
липка,0.9
хабар,0.9
маржа,0.9
кладь,0.9
ветла,0.9
ковка,0.9
вешка,0.9
щебет,0.9
гусли,0.9
тесак,0.9
сазан,0.9
митра,0.9
штрек,0.9
зачин,0.9
мураш,0.9
фурия,0.8
видик,0.8
ботик,0.8
чуваш,0.8
целка,0.8
пешня,0.8
дезик,0.8
хлябь,0.8
дышло,0.8
тамга,0.8
голыш,0.8
патлы,0.8
утиль,0.8
гобой,0.8
уздцы,0.8
мысок,0.8
чубик,0.8
чепец,0.8
бубна,0.8
фагот,0.8
отъем,0.8
тумак,0.8
вакса,0.8
гаусс,0.8
мирра,0.8
отсев,0.8
бурун,0.8
гросс,0.8
варна,0.8
мопед,0.8
тулья,0.8
тенге,0.8
валок,0.8
ездок,0.8
ацтек,0.8
шухер,0.8
клико,0.8
сатин,0.8
кирха,0.8
кашне,0.8
осман,0.8
скетч,0.8
атолл,0.8
ахилл,0.8
каппа,0.8
спрут,0.8
багет,0.8
кайло,0.8
казан,0.8
нумер,0.8
инжир,0.8
сойка,0.8
шкода,0.8
сосец,0.8
батог,0.8
садок,0.8
кодак,0.8
одежа,0.8
помор,0.8
пугач,0.8
лежка,0.8
левак,0.8
олифа,0.8
лаваш,0.8
юрфак,0.8
кутеж,0.8
пошиб,0.8
купля,0.8
рвань,0.8
кузня,0.8
аллюр,0.8
лобио,0.8
алыча,0.8
кошма,0.8
локус,0.8
русич,0.8
колер,0.8
амеба,0.8
олива,0.8
кисея,0.8
мизер,0.8
жарка,0.8
заумь,0.8
бурак,0.7
полип,0.7
цацка,0.7
удерж,0.7
лютня,0.7
селен,0.7
краля,0.7
замес,0.7
аскер,0.7
киста,0.7
ворье,0.7
хазар,0.7
силен,0.7
хаджи,0.7
аспид,0.7
думка,0.7
кресс,0.7
фанта,0.7
скаут,0.7
метис,0.7
абхаз,0.7
фомка,0.7
магма,0.7
омела,0.7
хрень,0.7
лапта,0.7
рупия,0.7
радий,0.7
сурик,0.7
корча,0.7
окоем,0.7
беляк,0.7
косая,0.7
козлы,0.7
лоция,0.7
кодла,0.7
лучок,0.7
шваль,0.7
высев,0.7
питие,0.7
сакля,0.7
феска,0.7
галун,0.7
вепрь,0.7
анион,0.7
сутра,0.7
тунец,0.7
велик,0.7
прель,0.7
стейк,0.7
фрейм,0.7
валка,0.7
ессей,0.7
барка,0.7
медяк,0.7
нохчи,0.7
кумыс,0.7
басок,0.7
дедок,0.7
битюг,0.7
махра,0.7
схрон,0.7
шихта,0.7
юннат,0.7
дерби,0.7
борок,0.7
валуй,0.7
топаз,0.7
курья,0.7
злато,0.7
диско,0.7
брасс,0.7
балык,0.7
бутса,0.7
калаш,0.7
гусак,0.7
янтра,0.7
зарез,0.7
омуль,0.7
манси,0.7
мымра,0.7
камея,0.7
ксива,0.7
жокей,0.7
слега,0.7
капли,0.7
пария,0.6
парок,0.6
фаянс,0.6
видок,0.6
эрбий,0.6
фураж,0.6
форте,0.6
бином,0.6
кроль,0.6
тапер,0.6
эйдос,0.6
эклер,0.6
юдоль,0.6
живец,0.6
рохля,0.6
эрзац,0.6
целик,0.6
репей,0.6
враль,0.6
возок,0.6
бивак,0.6
враки,0.6
цевье,0.6
эфиоп,0.6
крага,0.6
женка,0.6
крепь,0.6
дойка,0.6
рулет,0.6
прайс,0.6
шпрот,0.6
скейт,0.6
бонза,0.6
скирд,0.6
гуляш,0.6
мамба,0.6
драфт,0.6
ашрам,0.6
левит,0.6
левый,0.6
плюха,0.6
смерд,0.6
треух,0.6
дайка,0.6
байда,0.6
типун,0.6
лемех,0.6
пуант,0.6
зыбка,0.6
шифон,0.6
причт,0.6
пазик,0.6
бахча,0.6
зенки,0.6
дичок,0.6
букля,0.6
гопак,0.6
штамб,0.6
лафет,0.6
пилон,0.6
пончо,0.6
задок,0.6
цокот,0.6
зипун,0.6
ханка,0.6
харчо,0.6
чужой,0.6
темка,0.6
полон,0.6
молох,0.6
улита,0.6
мосье,0.6
чадра,0.6
тавро,0.6
страз,0.6
кинза,0.6
аргус,0.6
сезам,0.6
армяк,0.6
кащей,0.6
кашпо,0.6
гомик,0.6
верея,0.6
навал,0.5
агенс,0.5
цукат,0.5
хорал,0.5
нищая,0.5
шибер,0.5
натек,0.5
чирей,0.5
батут,0.5
чешка,0.5
чувал,0.5
барий,0.5
начес,0.5
нытик,0.5
бачки,0.5
бонна,0.5
намаз,0.5
шелом,0.5
обмер,0.5
хорда,0.5
шумер,0.5
носка,0.5
цыпка,0.5
шашни,0.5
опиат,0.5
щипок,0.5
цигун,0.5
опара,0.5
экзот,0.5
чумак,0.5
офорт,0.5
алтын,0.5
хряпа,0.5
башли,0.5
докер,0.5
сплин,0.5
динго,0.5
кибуц,0.5
кизяк,0.5
лычка,0.5
свинг,0.5
дукат,0.5
дувал,0.5
друид,0.5
кнехт,0.5
салун,0.5
драже,0.5
леток,0.5
лошак,0.5
динар,0.5
колли,0.5
дефис,0.5
кодон,0.5
дерен,0.5
торий,0.5
рысца,0.5
рында,0.5
тотем,0.5
дедка,0.5
перед,0.5
траст,0.5
койот,0.5
трейд,0.5
тайка,0.5
жерех,0.5
семит,0.5
схима,0.5
калым,0.5
манка,0.5
ирмос,0.5
совка,0.5
солод,0.5
измор,0.5
плебс,0.5
зятек,0.5
скунс,0.5
матюг,0.5
зубик,0.5
зефир,0.5
карла,0.5
станс,0.5
сквош,0.5
мезон,0.5
стоик,0.5
залом,0.5
катет,0.5
ситро,0.5
варан,0.5
судок,0.5
маета,0.5
сусек,0.5
сиена,0.5
лохмы,0.5
топос,0.5
смоль,0.5
винил,0.5
волан,0.5
рогоз,0.5
кубло,0.5
фалда,0.5
раджа,0.5
видак,0.5
резус,0.5
палаш,0.5
выгул,0.5
пырей,0.5
разик,0.5
мурло,0.5
разор,0.5
филер,0.5
кутья,0.5
филон,0.5
рапид,0.5
папик,0.5
парша,0.5
учхоз,0.5
рондо,0.5
тяпка,0.5
греча,0.5
кофий,0.5
педик,0.5
пемза,0.5
туляк,0.5
рокан,0.5
умора,0.5
хинди,0.5
кофей,0.5
гумус,0.5
рожки,0.5
конка,0.5
пурим,0.5
ливер,0.5
макси,0.4
сингл,0.4
ямина,0.4
ябеда,0.4
капор,0.4
карда,0.4
маман,0.4
каноэ,0.4
праща,0.4
пузан,0.4
лассо,0.4
легат,0.4
агуша,0.4
румба,0.4
лития,0.4
рацио,0.4
манок,0.4
крафт,0.4
щелок,0.4
оникс,0.4
ряшка,0.4
алеут,0.4
сайга,0.4
сайра,0.4
коала,0.4
самба,0.4
клуша,0.4
сатир,0.4
кичка,0.4
актор,0.4
анчар,0.4
люпин,0.4
сдоба,0.4
аксон,0.4
эвенк,0.4
лючок,0.4
лярва,0.4
регби,0.4
серсо,0.4
сивка,0.4
рдест,0.4
резак,0.4
хмарь,0.4
кагал,0.4
фибра,0.4
бутан,0.4
фанза,0.4
мошна,0.4
ушица,0.4
ухарь,0.4
мохер,0.4
патер,0.4
генез,0.4
гжель,0.4
голец,0.4
налив,0.4
чекан,0.4
тубус,0.4
гурия,0.4
гусик,0.4
брейк,0.4
дартс,0.4
фарси,0.4
цезий,0.4
испод,0.4
ворог,0.4
падуб,0.4
мясцо,0.4
пакер,0.4
хасид,0.4
хамка,0.4
хайло,0.4
фьорд,0.4
фуэте,0.4
фрунт,0.4
бьюик,0.4
былье,0.4
висяк,0.4
пампа,0.4
панна,0.4
фиорд,0.4
парез,0.4
царек,0.4
митоз,0.4
перси,0.4
чибис,0.4
дерма,0.4
биток,0.4
пижма,0.4
жизня,0.4
суфле,0.4
суфий,0.4
шафер,0.4
пирит,0.4
струг,0.4
закут,0.4
запев,0.4
медок,0.4
земец,0.4
матюк,0.4
батыр,0.4
зулус,0.4
сомик,0.4
сноси,0.4
жатка,0.4
ершик,0.4
елань,0.4
дрога,0.4
томич,0.4
чубук,0.4
донка,0.4
тимус,0.4
петит,0.4
терец,0.4
наяда,0.4
дрофа,0.4
талес,0.4
милый,0.4
дурка,0.4
неуют,0.4
дутье,0.4
танин,0.4
тальк,0.4
нечет,0.4
метиз,0.4
